id,created_at,first_name,last_name,email
0,2017-05-29 06:26:52,Dr.,Enzo,dren@uol.com.br
1,2018-07-10 16:46:28,Yuri,Martins,yuma@uol.com.br
2,2022-07-21 16:15:57,Sra.,Luana,srlu@uol.com.br
3,2022-04-28 09:16:47,Alana,Araújo,alar@gmail.com
4,2021-12-12 20:44:44,Nicole,Melo,nime@uol.com.br
5,2021-11-11 17:23:14,Srta.,Mariane,srma@bol.com.br
6,2022-11-29 14:30:22,Dr.,Luiz,drlu@hotmail.com
7,2017-10-15 02:05:23,Maria,Luiza,malu@yahoo.com.br
8,2017-08-03 08:51:42,Otávio,Duarte,otdu@yahoo.com.br
9,2020-04-09 09:50:46,Juliana,das,juda@gmail.com
10,2018-04-16 17:00:27,Calebe,Alves,caal@hotmail.com
11,2017-02-11 09:17:44,Luigi,Porto,lupo@gmail.com
12,2019-02-11 08:06:33,Larissa,Ribeiro,lari@bol.com.br
13,2018-08-04 00:54:28,Bruna,Nunes,brnu@ig.com.br
14,2019-11-24 19:36:48,Dr.,Marcelo,drma@ig.com.br
15,2020-07-30 13:58:34,Joana,Nogueira,jono@bol.com.br
16,2022-05-29 07:59:04,Manuela,Monteiro,mamo@ig.com.br
17,2018-10-24 06:20:02,Dr.,Antônio,dran@yahoo.com.br
18,2018-08-09 05:02:16,Bernardo,Fernandes,befe@uol.com.br
19,2018-07-29 03:41:16,Beatriz,Gomes,bego@uol.com.br
20,2017-09-18 14:31:13,Dr.,Theo,drth@ig.com.br
21,2021-03-26 19:40:14,Amanda,da,amda@bol.com.br
22,2019-04-09 01:00:57,Eloah,Ribeiro,elri@gmail.com
23,2020-06-21 11:55:44,Augusto,Porto,aupo@bol.com.br
24,2021-01-20 14:30:43,Maria,da,mada@bol.com.br
25,2017-01-09 14:31:49,Dra.,Mirella,drmi@ig.com.br
26,2021-12-06 21:48:26,Julia,Sales,jusa@yahoo.com.br
27,2018-12-23 06:11:35,Dr.,Miguel,drmi@gmail.com
28,2019-12-15 20:42:46,Helena,das,heda@yahoo.com.br
29,2019-10-18 17:04:16,Paulo,da,pada@ig.com.br
30,2022-12-15 13:36:04,Enzo,Moreira,enmo@uol.com.br
31,2018-03-08 21:55:05,Maria,Sophia,maso@bol.com.br
32,2020-07-14 12:16:47,Lorenzo,da,loda@hotmail.com
33,2021-06-14 01:16:19,Emanuella,Cavalcanti,emca@ig.com.br
34,2020-07-18 10:05:07,Kamilly,Campos,kaca@bol.com.br
35,2022-12-08 01:51:55,Milena,Correia,mico@yahoo.com.br
36,2021-11-07 10:14:20,Laura,Moreira,lamo@hotmail.com
37,2018-07-01 12:54:59,Dr.,João,drjo@bol.com.br
38,2019-03-22 03:05:19,Dra.,Isadora,dris@bol.com.br
39,2021-03-10 08:00:06,André,Pires,anpi@uol.com.br
40,2021-11-06 22:31:41,Laís,da,lada@bol.com.br
41,2022-04-11 12:33:19,Carlos,Eduardo,caed@bol.com.br
42,2018-06-21 05:55:49,Sra.,Ana,sran@gmail.com
43,2018-07-03 15:43:18,Davi,Lucca,dalu@gmail.com
44,2020-10-29 18:39:12,Maria,da,mada@yahoo.com.br
45,2020-06-01 22:46:22,João,Felipe,jofe@yahoo.com.br
46,2018-08-17 10:09:16,Carlos,Eduardo,caed@ig.com.br
47,2021-05-20 06:40:05,Marcelo,Fernandes,mafe@gmail.com
48,2020-04-02 18:00:55,Enzo,Gabriel,enga@hotmail.com
49,2021-09-30 08:40:15,Kamilly,Castro,kaca@ig.com.br
50,2020-06-14 21:26:48,Marcos,Vinicius,mavi@gmail.com
51,2019-10-14 10:21:11,Fernanda,Campos,feca@ig.com.br
52,2018-12-11 06:02:01,Thales,Pinto,thpi@uol.com.br
53,2020-07-01 14:57:00,Isabel,da,isda@ig.com.br
54,2018-06-13 22:53:13,Larissa,Caldeira,laca@yahoo.com.br
55,2020-06-11 01:21:15,Sr.,João,srjo@gmail.com
56,2022-07-23 11:05:10,Sr.,Benício,srbe@ig.com.br
57,2018-09-10 05:50:57,Dr.,Eduardo,dred@bol.com.br
58,2020-10-08 07:20:34,Luiz,Otávio,luot@bol.com.br
59,2018-08-05 09:20:46,Pietra,Ramos,pira@gmail.com
60,2020-03-03 00:00:53,Pietro,Duarte,pidu@hotmail.com
61,2017-09-15 09:34:14,Marina,da,mada@hotmail.com
62,2017-08-12 15:17:29,Maria,Eduarda,maed@gmail.com
63,2017-07-21 04:54:16,Sophie,da,soda@uol.com.br
64,2020-07-22 03:52:57,Rebeca,da,reda@hotmail.com
65,2021-12-30 04:59:08,Ana,Clara,ancl@bol.com.br
66,2018-05-17 22:50:10,Diego,Ribeiro,diri@ig.com.br
67,2017-07-02 04:44:24,Augusto,Gonçalves,augo@ig.com.br
68,2021-11-01 14:03:52,Maria,Luiza,malu@ig.com.br
69,2020-10-22 22:53:23,Larissa,Vieira,lavi@bol.com.br
70,2018-11-28 18:36:28,Noah,Silva,nosi@bol.com.br
71,2021-06-05 17:44:51,André,Souza,anso@yahoo.com.br
72,2018-10-08 06:34:05,Igor,Pereira,igpe@yahoo.com.br
73,2017-04-16 01:10:32,Sofia,Fernandes,sofe@yahoo.com.br
74,2018-03-19 06:25:28,Nicole,Porto,nipo@hotmail.com
75,2020-09-14 18:00:08,Dr.,Luiz,drlu@bol.com.br
76,2022-11-14 20:35:02,Pedro,Miguel,pemi@bol.com.br
77,2017-01-04 03:37:09,Breno,das,brda@yahoo.com.br
78,2018-09-27 20:10:49,Bianca,Barros,biba@uol.com.br
79,2019-02-02 23:59:27,Davi,Oliveira,daol@hotmail.com
80,2022-09-16 17:36:56,Davi,Pereira,dape@hotmail.com
81,2020-04-09 19:02:38,Maria,Luiza,malu@gmail.com
82,2019-02-10 07:46:11,Heitor,Cunha,hecu@yahoo.com.br
83,2020-09-20 21:22:24,Camila,Oliveira,caol@uol.com.br
84,2019-11-10 05:31:01,Murilo,Duarte,mudu@ig.com.br
85,2020-09-14 23:29:25,Maria,Alice,maal@yahoo.com.br
86,2020-03-11 01:56:07,Enrico,Mendes,enme@yahoo.com.br
87,2018-11-10 10:28:46,Joaquim,Costa,joco@uol.com.br
88,2019-10-12 13:00:08,Enzo,Lima,enli@bol.com.br
89,2022-07-27 18:05:44,Luna,Azevedo,luaz@gmail.com
90,2022-06-17 21:54:52,Catarina,da,cada@ig.com.br
91,2019-12-11 10:47:09,Julia,Cardoso,juca@ig.com.br
92,2022-11-25 12:38:39,Diego,Souza,diso@uol.com.br
93,2018-08-03 20:17:01,Ana,Luiza,anlu@ig.com.br
94,2019-02-01 08:55:45,Maitê,Barbosa,maba@uol.com.br
95,2019-12-31 02:19:21,Sr.,Luiz,srlu@gmail.com
96,2021-08-16 16:28:48,Ana,Júlia,anjú@bol.com.br
97,2017-03-23 07:16:59,Emilly,Gonçalves,emgo@bol.com.br
98,2021-03-17 16:43:26,Levi,Sales,lesa@ig.com.br
99,2020-02-02 05:39:33,Leandro,Rezende,lere@bol.com.br
100,2021-02-06 22:36:59,Ana,Lívia,anlí@gmail.com
101,2019-05-03 19:10:32,Enzo,Gabriel,enga@bol.com.br
102,2017-05-09 05:23:28,Sr.,Samuel,srsa@uol.com.br
103,2019-06-20 01:32:07,Emilly,Cunha,emcu@ig.com.br
104,2018-07-14 02:28:43,Dr.,Marcos,drma@bol.com.br
105,2021-07-04 12:43:38,Maria,Sophia,maso@uol.com.br
106,2019-04-09 21:24:13,Sr.,Heitor,srhe@bol.com.br
107,2022-11-05 01:25:24,Srta.,Lívia,srlí@gmail.com
108,2020-06-20 08:32:54,Noah,Rodrigues,noro@yahoo.com.br
109,2022-04-27 12:03:24,Emanuella,Duarte,emdu@gmail.com
110,2019-08-22 11:36:19,Vitor,Mendes,vime@ig.com.br
111,2022-10-08 23:32:33,Pietra,das,pida@hotmail.com
112,2022-08-19 08:13:10,Benjamin,Moura,bemo@ig.com.br
113,2020-03-16 06:06:47,Diogo,Azevedo,diaz@ig.com.br
114,2022-09-20 02:03:48,Sra.,Giovanna,srgi@uol.com.br
115,2021-12-19 09:10:30,Luna,Lima,luli@uol.com.br
116,2018-02-06 20:48:01,Luiz,Henrique,luhe@uol.com.br
117,2022-09-08 06:31:02,Eduardo,Alves,edal@yahoo.com.br
118,2018-07-28 05:34:01,Valentina,Gonçalves,vago@yahoo.com.br
119,2022-07-14 10:45:11,Thales,Oliveira,thol@ig.com.br
120,2017-03-08 10:54:44,Gabriel,Fogaça,gafo@bol.com.br
121,2021-09-07 13:19:26,Danilo,Nunes,danu@hotmail.com
122,2020-08-20 05:17:24,Yasmin,Costela,yaco@ig.com.br
123,2020-11-05 20:04:52,Vitor,Aragão,viar@uol.com.br
124,2019-02-03 11:38:09,Pietro,Cardoso,pica@bol.com.br
125,2020-08-03 13:12:37,Matheus,da,mada@ig.com.br
126,2020-11-13 00:56:01,Dr.,Danilo,drda@yahoo.com.br
127,2018-08-31 13:52:57,Benjamin,Gomes,bego@bol.com.br
128,2017-12-14 18:22:24,Daniel,da,dada@gmail.com
129,2018-01-16 16:12:02,Vitor,Gabriel,viga@bol.com.br
130,2019-03-31 14:37:25,Ana,Júlia,anjú@hotmail.com
131,2019-12-28 05:49:28,Esther,Duarte,esdu@yahoo.com.br
132,2019-02-14 16:06:23,Isabella,Ferreira,isfe@yahoo.com.br
133,2017-07-25 01:25:02,Raul,Oliveira,raol@gmail.com
134,2017-03-27 17:27:53,Juliana,Vieira,juvi@yahoo.com.br
135,2019-07-03 14:31:29,Sabrina,Martins,sama@gmail.com
136,2021-09-27 10:16:35,Lívia,Cardoso,líca@yahoo.com.br
137,2018-10-27 00:21:04,Carlos,Eduardo,caed@hotmail.com
138,2017-05-15 18:24:52,Enrico,da,enda@hotmail.com
139,2020-10-06 05:52:41,Srta.,Maria,srma@uol.com.br
140,2017-01-25 01:19:28,Laís,Monteiro,lamo@uol.com.br
141,2018-02-19 22:49:27,Yasmin,Oliveira,yaol@hotmail.com
142,2018-09-10 20:53:03,Dra.,Sophia,drso@uol.com.br
143,2022-10-17 09:41:09,Cauê,Gonçalves,cago@hotmail.com
144,2019-07-30 01:22:03,Sr.,Thiago,srth@uol.com.br
145,2018-08-27 08:40:00,Davi,Luiz,dalu@hotmail.com
146,2022-07-11 16:01:59,Catarina,Nunes,canu@hotmail.com
147,2022-05-10 20:34:43,Bárbara,da,báda@gmail.com
148,2021-10-31 08:52:35,Helena,Moura,hemo@hotmail.com
149,2021-11-27 12:20:09,Ana,Gomes,ango@gmail.com
150,2022-04-28 14:20:38,Caroline,Cunha,cacu@gmail.com
151,2017-03-12 08:56:12,Dr.,André,dran@uol.com.br
152,2021-12-12 04:06:18,Rafaela,Porto,rapo@bol.com.br
153,2019-08-03 18:51:27,Maria,Alice,maal@hotmail.com
154,2022-08-30 13:33:35,Melissa,da,meda@uol.com.br
155,2017-11-07 19:15:10,Stephany,Aragão,star@ig.com.br
156,2018-04-27 12:14:08,Lucca,Ferreira,lufe@hotmail.com
157,2017-10-16 19:00:07,Nina,Rodrigues,niro@yahoo.com.br
158,2019-04-05 23:41:49,Dra.,Luana,drlu@uol.com.br
159,2018-06-13 18:15:35,Joana,Pinto,jopi@ig.com.br
160,2017-10-02 10:19:55,Paulo,Caldeira,paca@hotmail.com
161,2019-01-23 10:05:46,Luiz,Gustavo,lugu@gmail.com
162,2021-03-22 07:02:56,Gabrielly,Santos,gasa@hotmail.com
163,2017-04-23 07:16:51,Isaac,Silva,issi@bol.com.br
164,2017-10-03 09:47:06,Dra.,Juliana,drju@hotmail.com
165,2019-03-15 04:00:24,Cauê,Barbosa,caba@gmail.com
166,2021-09-20 14:00:33,Ana,Clara,ancl@gmail.com
167,2019-08-15 11:38:14,Sra.,Ana,sran@yahoo.com.br
168,2017-06-13 08:10:39,Enzo,Gabriel,enga@yahoo.com.br
169,2021-12-14 05:42:21,Maria,Fernanda,mafe@yahoo.com.br
170,2017-10-28 08:56:21,Melissa,Freitas,mefr@bol.com.br
171,2017-12-09 04:11:58,Maria,Santos,masa@hotmail.com
172,2017-01-02 03:26:57,Beatriz,da,beda@ig.com.br
173,2022-08-31 14:00:17,Miguel,da,mida@gmail.com
174,2022-02-14 14:56:39,Bianca,Santos,bisa@ig.com.br
175,2021-06-30 05:08:26,Sr.,Enrico,sren@bol.com.br
176,2022-04-23 15:18:01,Sr.,Igor,srig@bol.com.br
177,2019-07-15 04:24:07,Bryan,Sales,brsa@yahoo.com.br
178,2019-09-14 15:10:16,Maysa,Teixeira,mate@uol.com.br
179,2020-07-26 05:13:54,Amanda,Martins,amma@hotmail.com
180,2017-01-09 03:52:16,Beatriz,da,beda@gmail.com
181,2022-08-03 07:27:07,Isis,Melo,isme@yahoo.com.br
182,2019-01-08 16:24:32,Dr.,Vicente,drvi@hotmail.com
183,2021-12-10 05:54:19,Alícia,Barros,alba@hotmail.com
184,2019-11-03 16:29:09,Yuri,Santos,yusa@bol.com.br
185,2022-08-05 05:43:51,Maria,Vitória,mavi@hotmail.com
186,2018-02-28 21:02:55,Maitê,Rocha,maro@bol.com.br
187,2017-07-14 06:19:08,Rebeca,Vieira,revi@bol.com.br
188,2019-11-07 16:57:12,Juan,Cardoso,juca@gmail.com
189,2021-08-13 04:44:44,Maysa,da,mada@uol.com.br
190,2019-04-21 22:10:37,Dr.,Murilo,drmu@ig.com.br
191,2017-10-19 19:20:58,Dra.,Ana,dran@yahoo.com.br
192,2021-02-07 22:50:39,Camila,Alves,caal@bol.com.br
193,2020-05-06 03:00:07,Caroline,da,cada@bol.com.br
194,2022-04-11 23:16:50,Srta.,Maria,srma@yahoo.com.br
195,2017-03-15 23:21:35,Gabrielly,Pinto,gapi@ig.com.br
196,2017-05-25 02:36:51,Sr.,Samuel,srsa@gmail.com
197,2021-11-05 16:38:29,Yasmin,Carvalho,yaca@ig.com.br
198,2020-06-17 02:39:38,Pietra,Azevedo,piaz@yahoo.com.br
199,2018-12-29 08:07:36,Maria,Fernanda,mafe@uol.com.br
200,2018-10-30 22:08:32,Guilherme,da,guda@gmail.com
201,2018-12-16 21:21:10,Sra.,Nicole,srni@uol.com.br
202,2019-12-29 16:48:30,Carlos,Eduardo,caed@yahoo.com.br
203,2019-02-08 01:38:20,Luigi,Nogueira,luno@hotmail.com
204,2017-08-29 12:09:50,João,Lucas,jolu@uol.com.br
205,2018-11-30 12:41:11,Fernando,Cardoso,feca@uol.com.br
206,2019-10-03 21:13:51,Heloísa,Lopes,helo@bol.com.br
207,2018-08-06 19:23:00,Diogo,Vieira,divi@yahoo.com.br
208,2022-03-21 22:18:47,Raul,Nogueira,rano@hotmail.com
209,2017-09-19 21:25:37,Bianca,Barros,biba@yahoo.com.br
210,2020-04-07 18:49:12,João,Pedro,jope@ig.com.br
211,2022-06-19 11:11:28,Davi,Luiz,dalu@yahoo.com.br
212,2022-01-18 17:03:26,Lucas,Gabriel,luga@ig.com.br
213,2019-06-01 05:55:47,Beatriz,Costela,beco@uol.com.br
214,2017-01-16 20:13:24,Alana,Sales,alsa@gmail.com
215,2017-04-13 22:15:48,Marcos,Vinicius,mavi@yahoo.com.br
216,2022-06-11 08:59:33,Henrique,Rodrigues,hero@gmail.com
217,2020-09-05 09:41:38,Luiz,Gustavo,lugu@uol.com.br
218,2021-05-16 05:38:47,Sarah,Aragão,saar@yahoo.com.br
219,2017-02-21 00:02:09,João,Gabriel,joga@uol.com.br
220,2017-09-29 05:36:58,Miguel,da,mida@uol.com.br
221,2017-12-12 13:46:39,Thiago,da,thda@yahoo.com.br
222,2019-08-13 04:35:46,Ana,Sophia,anso@uol.com.br
223,2020-11-04 16:23:21,Dra.,Ana,dran@gmail.com
224,2018-02-03 03:34:34,Milena,Campos,mica@hotmail.com
225,2022-09-14 01:46:51,Diego,Melo,dime@gmail.com
226,2022-06-24 12:56:35,Alexandre,da,alda@gmail.com
227,2017-11-03 02:20:44,Sr.,Pedro,srpe@ig.com.br
228,2021-11-25 16:18:22,Dra.,Alana,dral@gmail.com
229,2021-11-15 13:18:57,Srta.,Pietra,srpi@yahoo.com.br
230,2017-10-06 14:27:43,Dr.,Gustavo,drgu@ig.com.br
231,2018-09-27 15:09:45,Cauã,Araújo,caar@hotmail.com
232,2020-11-07 00:31:29,Alice,Pires,alpi@ig.com.br
233,2020-03-22 07:11:23,Isis,Barros,isba@gmail.com
234,2017-04-29 14:56:31,Sra.,Maria,srma@yahoo.com.br
235,2022-11-16 20:28:02,Srta.,Maria,srma@gmail.com
236,2022-04-20 15:02:51,Srta.,Julia,srju@bol.com.br
237,2020-04-08 00:40:12,Eloah,Carvalho,elca@ig.com.br
238,2018-09-14 15:19:57,Ana,Lívia,anlí@yahoo.com.br
239,2020-12-19 01:45:37,Guilherme,Caldeira,guca@ig.com.br
240,2021-10-09 01:02:13,Helena,Mendes,heme@bol.com.br
241,2022-05-25 20:05:16,Valentina,Cardoso,vaca@ig.com.br
242,2017-04-10 19:38:27,Miguel,Almeida,mial@gmail.com
243,2020-03-20 01:49:53,Evelyn,Cardoso,evca@bol.com.br
244,2017-09-20 17:03:24,Sr.,Pedro,srpe@hotmail.com
245,2017-11-14 16:14:31,João,Guilherme,jogu@ig.com.br
246,2017-06-19 19:02:40,Leandro,Carvalho,leca@yahoo.com.br
247,2017-06-08 12:53:08,Leonardo,Cunha,lecu@uol.com.br
248,2019-07-24 04:50:33,Srta.,Caroline,srca@yahoo.com.br
249,2021-04-13 07:28:20,Enrico,Barbosa,enba@yahoo.com.br
250,2021-03-28 14:07:31,Sophia,Nogueira,sono@uol.com.br
251,2019-09-26 11:50:48,Enzo,Pires,enpi@ig.com.br
252,2017-09-06 04:55:11,Marcelo,Pires,mapi@bol.com.br
253,2017-07-31 06:28:02,Júlia,Pereira,júpe@bol.com.br
254,2021-06-11 20:08:02,Esther,Campos,esca@hotmail.com
255,2021-06-04 14:29:21,Srta.,Daniela,srda@uol.com.br
256,2022-04-30 01:15:26,Lorenzo,da,loda@yahoo.com.br
257,2020-12-31 17:25:09,Ana,Carvalho,anca@yahoo.com.br
258,2022-08-25 15:03:43,Sr.,Diego,srdi@uol.com.br
259,2018-09-25 04:44:59,André,Teixeira,ante@bol.com.br
260,2020-06-28 08:25:56,Maria,Eduarda,maed@yahoo.com.br
261,2022-12-16 16:49:16,Davi,Luiz,dalu@yahoo.com.br
262,2018-09-17 15:02:18,Kaique,Costela,kaco@yahoo.com.br
263,2019-07-08 02:13:11,Catarina,da,cada@gmail.com
264,2021-12-23 12:53:38,Rebeca,Gomes,rego@yahoo.com.br
265,2022-01-07 06:34:10,Sr.,Kaique,srka@gmail.com
266,2017-04-10 11:08:21,Levi,Fogaça,lefo@hotmail.com
267,2022-01-01 03:33:58,Marcos,Vinicius,mavi@yahoo.com.br
268,2022-03-25 04:03:16,Lucas,Gabriel,luga@hotmail.com
269,2022-01-15 20:46:12,Raquel,Ribeiro,rari@uol.com.br
270,2018-11-18 15:29:13,Igor,Mendes,igme@gmail.com
271,2020-05-14 17:44:08,Ana,Júlia,anjú@gmail.com
272,2020-11-01 10:45:32,Cecília,Ribeiro,ceri@ig.com.br
273,2022-11-09 18:49:16,Dr.,Otávio,drot@uol.com.br
274,2018-05-14 16:21:44,Juliana,Teixeira,jute@bol.com.br
275,2020-11-05 16:52:59,Luiz,Felipe,lufe@yahoo.com.br
276,2019-04-28 19:52:59,Beatriz,Rocha,bero@gmail.com
277,2018-04-14 10:59:28,Joana,da,joda@ig.com.br
278,2018-11-04 22:24:55,Sr.,Igor,srig@ig.com.br
279,2018-04-18 14:06:02,Dra.,Maysa,drma@gmail.com
280,2019-01-20 16:06:11,Sr.,Davi,srda@gmail.com
281,2019-01-19 19:44:17,Bryan,Farias,brfa@yahoo.com.br
282,2022-08-09 19:24:07,Maria,Vitória,mavi@yahoo.com.br
283,2021-10-21 16:44:14,Emanuel,Silva,emsi@ig.com.br
284,2022-11-03 21:55:39,Igor,Correia,igco@gmail.com
285,2021-07-16 00:45:32,Cauê,Castro,caca@yahoo.com.br
286,2020-06-16 08:14:33,Fernanda,Pires,fepi@hotmail.com
287,2018-04-30 20:28:14,Guilherme,Farias,gufa@gmail.com
288,2021-02-18 03:49:52,João,Vitor,jovi@yahoo.com.br
289,2020-12-24 21:28:18,Marcos,Vinicius,mavi@ig.com.br
290,2017-10-01 16:20:23,Diego,da,dida@uol.com.br
291,2019-09-05 08:34:13,Lorena,Santos,losa@yahoo.com.br
292,2021-06-11 10:46:15,Dra.,Clara,drcl@hotmail.com
293,2020-08-14 22:14:08,Bruno,Freitas,brfr@gmail.com
294,2019-06-19 13:36:47,Vinicius,Vieira,vivi@yahoo.com.br
295,2019-07-16 11:56:14,Lívia,Ribeiro,líri@gmail.com
296,2019-02-18 06:52:40,Bruna,da,brda@uol.com.br
297,2017-08-22 02:49:25,Camila,Castro,caca@yahoo.com.br
298,2016-12-31 16:37:28,Alexandre,Silveira,alsi@bol.com.br
299,2019-11-12 06:17:10,Luiz,Fernando,lufe@uol.com.br
300,2017-02-06 17:32:54,Pedro,Henrique,pehe@yahoo.com.br
301,2020-06-14 18:03:45,Julia,Freitas,jufr@bol.com.br
302,2020-06-10 00:34:34,Vitor,Gabriel,viga@gmail.com
303,2018-12-16 14:28:34,Giovanna,da,gida@yahoo.com.br
304,2018-01-18 05:23:16,Renan,Barbosa,reba@yahoo.com.br
305,2021-06-01 18:28:10,Dr.,Kevin,drke@hotmail.com
306,2017-10-02 17:12:21,Sr.,Pietro,srpi@hotmail.com
307,2017-09-14 15:20:37,Benjamin,da,beda@hotmail.com
308,2021-12-26 12:28:10,Evelyn,Fogaça,evfo@hotmail.com
309,2019-02-24 23:15:23,Ana,Júlia,anjú@yahoo.com.br
310,2018-02-14 19:20:49,Luna,Mendes,lume@gmail.com
311,2022-01-25 15:46:10,Nicole,Duarte,nidu@hotmail.com
312,2017-04-24 03:10:50,Davi,Lucas,dalu@uol.com.br
313,2017-03-05 12:20:14,Alice,Martins,alma@uol.com.br
314,2018-05-09 04:00:16,Dr.,Lucca,drlu@hotmail.com
315,2018-04-17 13:30:30,Caroline,Cardoso,caca@ig.com.br
316,2018-10-22 04:08:26,Alícia,Viana,alvi@hotmail.com
317,2017-04-22 04:07:49,Milena,Teixeira,mite@hotmail.com
318,2021-02-22 22:23:30,Camila,da,cada@yahoo.com.br
319,2021-02-18 10:02:17,Fernando,da,feda@uol.com.br
320,2021-11-04 10:13:23,Sofia,Farias,sofa@uol.com.br
321,2022-02-21 11:36:00,Carolina,Viana,cavi@hotmail.com
322,2020-10-31 22:45:09,Dr.,Pedro,drpe@gmail.com
323,2019-09-17 13:52:47,Helena,Rocha,hero@hotmail.com
324,2022-04-02 22:58:50,Sr.,Benício,srbe@uol.com.br
325,2019-02-27 04:30:54,Maysa,Araújo,maar@gmail.com
326,2020-02-22 07:29:33,Sra.,Isabelly,sris@hotmail.com
327,2019-08-26 20:08:20,Otávio,Barros,otba@gmail.com
328,2020-09-23 00:11:57,André,Barbosa,anba@hotmail.com
329,2020-12-24 16:36:16,Alana,Araújo,alar@uol.com.br
330,2018-06-21 22:52:58,Alexandre,das,alda@uol.com.br
331,2017-03-15 00:40:10,João,Aragão,joar@yahoo.com.br
332,2021-06-11 22:35:35,Thomas,Pereira,thpe@yahoo.com.br
333,2019-05-21 01:22:51,Laura,Sales,lasa@ig.com.br
334,2019-07-25 22:31:25,Dr.,João,drjo@ig.com.br
335,2019-09-14 10:25:24,Laís,da,lada@hotmail.com
336,2022-11-21 21:36:30,Theo,Mendes,thme@uol.com.br
337,2019-07-03 00:21:38,Bruna,Oliveira,brol@bol.com.br
338,2021-06-13 23:29:35,Rafael,Nogueira,rano@yahoo.com.br
339,2019-05-18 04:37:46,Samuel,Melo,same@hotmail.com
340,2019-08-31 16:58:26,Dr.,Vicente,drvi@bol.com.br
341,2022-06-14 04:21:57,Enrico,Caldeira,enca@bol.com.br
342,2019-05-02 23:35:39,Gustavo,Henrique,guhe@yahoo.com.br
343,2022-03-30 01:01:41,Isabel,Rezende,isre@bol.com.br
344,2017-10-21 14:48:43,Pedro,Lucas,pelu@uol.com.br
345,2019-07-12 08:07:37,Dr.,Ian,dria@bol.com.br
346,2022-03-15 15:14:45,Marina,Vieira,mavi@uol.com.br
347,2019-09-10 04:24:53,Srta.,Sabrina,srsa@uol.com.br
348,2017-01-15 19:23:18,Nathan,Cardoso,naca@gmail.com
349,2021-10-21 02:24:19,Dra.,Lívia,drlí@yahoo.com.br
350,2022-01-24 22:47:13,Dr.,Vinicius,drvi@yahoo.com.br
351,2018-06-17 17:11:58,Dr.,Alexandre,dral@ig.com.br
352,2018-04-05 19:51:07,Srta.,Maria,srma@ig.com.br
353,2020-08-06 11:45:09,Ana,Clara,ancl@uol.com.br
354,2019-01-01 06:10:32,Maria,Cecília,mace@gmail.com
355,2017-08-25 13:28:39,Enzo,Gabriel,enga@yahoo.com.br
356,2019-06-18 16:13:05,Srta.,Eloah,srel@bol.com.br
357,2019-10-25 21:00:49,Caroline,Alves,caal@gmail.com
358,2020-04-07 11:12:18,Stella,Gomes,stgo@yahoo.com.br
359,2020-05-22 22:02:54,Ana,Laura,anla@bol.com.br
360,2022-09-02 10:41:08,Leonardo,Caldeira,leca@yahoo.com.br
361,2020-05-23 03:11:25,Mariane,Lima,mali@yahoo.com.br
362,2021-06-22 19:54:48,Dr.,Luiz,drlu@yahoo.com.br
363,2022-04-27 03:26:34,Maria,Eduarda,maed@yahoo.com.br
364,2019-08-10 23:36:35,Nicole,da,nida@hotmail.com
365,2018-01-23 06:37:16,Luiza,Caldeira,luca@bol.com.br
366,2020-12-08 07:35:24,Sr.,Kaique,srka@bol.com.br
367,2018-06-16 07:12:18,Theo,Monteiro,thmo@yahoo.com.br
368,2017-11-23 01:11:46,Clarice,Moreira,clmo@uol.com.br
369,2020-04-18 17:42:24,Pietro,Lopes,pilo@uol.com.br
370,2021-12-21 18:37:09,Murilo,da,muda@yahoo.com.br
371,2020-05-15 17:37:26,Cauã,Cunha,cacu@gmail.com
372,2018-08-29 17:37:29,Dr.,Lorenzo,drlo@bol.com.br
373,2019-07-05 23:03:32,Isadora,Novaes,isno@ig.com.br
374,2019-07-02 15:11:21,Luigi,Novaes,luno@gmail.com
375,2019-03-20 22:37:11,Vicente,da,vida@gmail.com
376,2017-03-10 16:33:13,Diogo,Rodrigues,diro@bol.com.br
377,2018-10-30 23:08:10,João,Gabriel,joga@bol.com.br
378,2019-11-24 04:19:05,Lorena,Mendes,lome@hotmail.com
379,2019-11-09 21:57:38,Isadora,da,isda@yahoo.com.br
380,2018-08-12 21:22:47,Thomas,Oliveira,thol@gmail.com
381,2021-08-27 10:05:50,Vitor,Castro,vica@yahoo.com.br
382,2017-12-27 08:21:00,Vitor,Lopes,vilo@hotmail.com
383,2022-12-21 01:15:41,Milena,Fernandes,mife@bol.com.br
384,2020-01-21 13:46:06,Marcela,Silveira,masi@hotmail.com
385,2020-10-02 10:36:28,Vinicius,Castro,vica@gmail.com
386,2020-06-08 04:11:15,Ana,Clara,ancl@bol.com.br
387,2019-04-09 13:26:50,Pedro,Ribeiro,peri@gmail.com
388,2021-04-01 12:13:48,Erick,Correia,erco@uol.com.br
389,2020-06-17 21:51:47,Noah,Jesus,noje@gmail.com
390,2019-06-26 17:28:42,Isaac,Nunes,isnu@yahoo.com.br
391,2019-06-04 17:38:36,Dra.,Mirella,drmi@bol.com.br
392,2020-07-08 12:18:55,Enzo,Gabriel,enga@bol.com.br
393,2018-07-18 02:39:43,Luiz,Gustavo,lugu@bol.com.br
394,2021-06-01 17:33:03,Maria,Cecília,mace@uol.com.br
395,2018-10-12 21:35:54,Eloah,Azevedo,elaz@bol.com.br
396,2019-08-17 13:26:11,Sr.,Thales,srth@uol.com.br
397,2017-12-08 09:26:53,Isis,Mendes,isme@bol.com.br
398,2022-12-03 21:23:31,Srta.,Ana,sran@gmail.com
399,2022-10-24 14:12:52,Pedro,Pinto,pepi@uol.com.br
400,2018-08-19 23:04:12,Daniel,Carvalho,daca@ig.com.br
401,2022-06-06 01:20:50,Diogo,da,dida@hotmail.com
402,2020-06-21 16:29:52,Agatha,Pinto,agpi@bol.com.br
403,2021-09-18 18:30:04,Sophie,Almeida,soal@ig.com.br
404,2021-11-01 03:35:14,Eduardo,Pereira,edpe@hotmail.com
405,2019-11-23 11:53:46,Kamilly,Vieira,kavi@ig.com.br
406,2022-07-04 22:02:43,Marcos,Vinicius,mavi@hotmail.com
407,2021-06-28 22:04:42,João,Gabriel,joga@uol.com.br
408,2021-05-06 16:34:00,Gabriel,Novaes,gano@gmail.com
409,2018-03-30 15:56:17,Ana,Laura,anla@hotmail.com
410,2021-04-18 02:24:20,Sr.,Carlos,srca@hotmail.com
411,2017-09-12 10:49:24,Lucca,Castro,luca@yahoo.com.br
412,2022-02-18 13:07:43,Noah,Cunha,nocu@yahoo.com.br
413,2020-05-02 08:05:40,Vitória,Dias,vidi@yahoo.com.br
414,2022-01-31 01:27:46,Stella,Monteiro,stmo@bol.com.br
415,2022-10-20 00:36:45,Dr.,Raul,drra@uol.com.br
416,2021-04-03 20:40:44,Davi,Cavalcanti,daca@hotmail.com
417,2020-01-15 01:31:04,Clarice,Fogaça,clfo@yahoo.com.br
418,2021-11-13 01:05:28,Evelyn,Sales,evsa@uol.com.br
419,2017-10-27 14:29:24,Marcos,Vinicius,mavi@uol.com.br
420,2017-11-01 13:18:32,Maysa,Costela,maco@ig.com.br
421,2018-03-29 02:54:17,Manuela,Santos,masa@bol.com.br
422,2020-10-15 10:18:35,Pedro,Lucas,pelu@bol.com.br
423,2020-12-14 21:14:38,Natália,Aragão,naar@yahoo.com.br
424,2021-03-28 08:25:00,Marina,Melo,mame@ig.com.br
425,2017-01-11 13:29:44,Ian,Cardoso,iaca@hotmail.com
426,2017-03-04 20:33:24,Sr.,Pedro,srpe@yahoo.com.br
427,2017-04-21 13:21:13,Pedro,Lucas,pelu@yahoo.com.br
428,2022-05-03 11:40:32,Maria,Cecília,mace@yahoo.com.br
429,2017-11-25 21:36:43,Vitória,Dias,vidi@gmail.com
430,2021-06-01 08:10:02,Melissa,da,meda@ig.com.br
431,2022-01-13 01:21:31,Vitor,Azevedo,viaz@ig.com.br
432,2019-03-09 08:06:53,Noah,Ramos,nora@ig.com.br
433,2022-11-05 06:13:52,Renan,Ribeiro,reri@uol.com.br
434,2022-05-30 00:20:04,Dr.,Vicente,drvi@ig.com.br
435,2017-05-09 20:26:41,Henrique,Sales,hesa@yahoo.com.br
436,2018-03-11 18:47:34,Gustavo,Henrique,guhe@hotmail.com
437,2020-08-02 07:18:49,Marcos,Vinicius,mavi@ig.com.br
438,2021-11-01 05:43:35,Alexandre,Costela,alco@bol.com.br
439,2021-04-08 23:18:17,Bruno,Castro,brca@gmail.com
440,2019-01-29 08:05:07,Isis,Pereira,ispe@bol.com.br
441,2018-07-05 06:25:35,Dr.,Kaique,drka@uol.com.br
442,2022-02-27 03:09:07,Dr.,Arthur,drar@ig.com.br
443,2017-05-22 09:52:02,Eloah,Porto,elpo@hotmail.com
444,2019-04-20 10:14:09,Mariana,da,mada@ig.com.br
445,2018-10-21 04:47:18,Yago,Barros,yaba@yahoo.com.br
446,2021-12-24 21:13:29,Maria,Luiza,malu@yahoo.com.br
447,2019-09-27 09:36:18,Ana,Beatriz,anbe@gmail.com
448,2017-12-30 18:10:15,Dra.,Isadora,dris@uol.com.br
449,2021-05-07 00:12:17,Francisco,da,frda@yahoo.com.br
450,2022-05-29 02:02:24,Thomas,Novaes,thno@ig.com.br
451,2020-10-26 10:52:37,Emanuelly,Pires,empi@yahoo.com.br
452,2019-09-30 00:58:51,Benício,Caldeira,beca@yahoo.com.br
453,2017-07-12 01:59:26,Emanuella,Rodrigues,emro@uol.com.br
454,2019-07-08 17:32:57,Gabrielly,da,gada@bol.com.br
455,2020-12-21 09:39:46,Davi,Luiz,dalu@ig.com.br
456,2017-01-02 17:55:14,Lorena,Fogaça,lofo@gmail.com
457,2020-12-08 04:03:46,Maitê,da,mada@yahoo.com.br
458,2021-06-28 15:14:48,Heitor,Costa,heco@ig.com.br
459,2022-03-01 21:38:08,Natália,Porto,napo@bol.com.br
460,2021-08-23 05:07:28,Pedro,Henrique,pehe@uol.com.br
461,2018-08-16 06:40:53,Sr.,Luiz,srlu@gmail.com
462,2018-01-02 04:57:30,Rebeca,Rezende,rere@hotmail.com
463,2020-12-19 02:27:47,Diogo,Pires,dipi@uol.com.br
464,2021-03-14 22:58:40,João,Felipe,jofe@ig.com.br
465,2022-09-21 13:35:20,Esther,Cardoso,esca@bol.com.br
466,2018-02-11 11:34:02,Srta.,Letícia,srle@gmail.com
467,2018-10-29 14:27:38,Dra.,Vitória,drvi@uol.com.br
468,2019-02-02 04:56:09,Cecília,Campos,ceca@uol.com.br
469,2021-03-08 20:17:09,Sr.,Bryan,srbr@uol.com.br
470,2018-06-27 08:16:29,Larissa,Rezende,lare@ig.com.br
471,2020-11-16 07:48:16,Bryan,Rezende,brre@gmail.com
472,2018-11-28 18:12:50,Leonardo,Rodrigues,lero@uol.com.br
473,2020-12-03 14:47:56,Emanuelly,Ferreira,emfe@bol.com.br
474,2020-02-13 08:48:13,Larissa,Porto,lapo@bol.com.br
475,2019-03-21 08:35:09,Bryan,Mendes,brme@hotmail.com
476,2022-08-09 11:02:20,Erick,Nogueira,erno@uol.com.br
477,2020-07-22 02:41:19,Sra.,Sarah,srsa@gmail.com
478,2021-04-09 20:39:43,João,Miguel,jomi@yahoo.com.br
479,2021-10-31 23:17:48,João,Gabriel,joga@uol.com.br
480,2022-05-04 23:05:46,Dra.,Isadora,dris@bol.com.br
481,2022-04-01 03:02:47,Amanda,Pinto,ampi@uol.com.br
482,2020-06-27 21:08:31,Isadora,Melo,isme@hotmail.com
483,2020-10-09 04:09:49,Dr.,Luiz,drlu@hotmail.com
484,2022-05-27 11:57:16,Ana,Carolina,anca@bol.com.br
485,2017-04-12 19:15:06,Helena,da,heda@uol.com.br
486,2017-11-29 05:53:18,Luiz,Gustavo,lugu@ig.com.br
487,2019-05-13 10:32:16,Paulo,das,pada@uol.com.br
488,2021-04-13 17:15:09,Bruna,Aragão,brar@yahoo.com.br
489,2018-01-04 06:56:01,Carolina,Nascimento,cana@bol.com.br
490,2020-09-03 08:29:55,Arthur,Teixeira,arte@gmail.com
491,2022-03-12 01:55:42,Vicente,Caldeira,vica@bol.com.br
492,2018-03-10 09:35:25,Gabrielly,Souza,gaso@ig.com.br
493,2018-09-01 19:16:18,Alexia,Carvalho,alca@uol.com.br
494,2018-02-15 00:52:36,Pedro,Henrique,pehe@uol.com.br
495,2017-04-25 19:40:32,Luiz,Fernando,lufe@bol.com.br
496,2021-06-16 06:38:43,Lucca,Porto,lupo@yahoo.com.br
497,2019-07-22 17:45:40,Calebe,Lopes,calo@bol.com.br
498,2020-12-28 15:17:02,Dr.,Theo,drth@uol.com.br
499,2018-11-10 07:26:46,Raul,Oliveira,raol@bol.com.br
500,2022-03-25 14:02:03,Raul,Pires,rapi@yahoo.com.br
501,2019-11-09 08:18:24,Luana,da,luda@gmail.com
502,2020-06-05 02:22:31,João,Pedro,jope@uol.com.br
503,2018-12-27 18:26:59,Sr.,Pedro,srpe@yahoo.com.br
504,2021-02-11 11:44:54,Sr.,Enzo,sren@hotmail.com
505,2021-05-24 17:12:58,Catarina,Azevedo,caaz@uol.com.br
506,2022-11-28 22:12:32,Ana,Júlia,anjú@bol.com.br
507,2018-10-06 13:47:28,Isadora,Pereira,ispe@bol.com.br
508,2019-06-20 03:05:29,Gustavo,Henrique,guhe@yahoo.com.br
509,2021-09-29 09:34:29,Dr.,Vitor,drvi@uol.com.br
510,2017-05-26 20:29:58,Raul,Rodrigues,raro@ig.com.br
511,2019-05-18 11:48:47,Vitor,Hugo,vihu@gmail.com
512,2022-06-30 14:17:57,Pietro,Melo,pime@hotmail.com
513,2022-08-09 01:41:49,Sr.,Antônio,sran@ig.com.br
514,2022-10-24 09:32:11,Luigi,Aragão,luar@hotmail.com
515,2020-08-26 13:47:13,Danilo,da,dada@ig.com.br
516,2019-06-18 03:27:53,Vicente,Gonçalves,vigo@gmail.com
517,2019-12-20 13:00:06,Srta.,Stella,srst@uol.com.br
518,2021-08-23 01:08:35,Vitor,Gabriel,viga@uol.com.br
519,2018-07-07 19:18:13,Gustavo,Jesus,guje@bol.com.br
520,2019-07-04 22:43:24,Alexia,Moraes,almo@hotmail.com
521,2021-12-16 05:38:40,Lavínia,Silveira,lasi@uol.com.br
522,2021-12-30 05:35:57,Cauã,Azevedo,caaz@yahoo.com.br
523,2021-05-04 06:30:50,Brenda,da,brda@yahoo.com.br
524,2016-12-29 13:57:23,Sra.,Raquel,srra@bol.com.br
525,2022-01-03 12:58:26,João,Lucas,jolu@yahoo.com.br
526,2020-06-08 07:58:24,Pietro,Freitas,pifr@gmail.com
527,2017-10-26 15:04:40,Maria,Costa,maco@uol.com.br
528,2022-11-03 21:02:13,Alana,Ramos,alra@bol.com.br
529,2021-02-12 03:01:48,Ana,Lívia,anlí@ig.com.br
530,2020-04-11 17:29:09,Alícia,Lopes,allo@hotmail.com
531,2020-03-16 03:03:21,Sr.,Davi,srda@bol.com.br
532,2021-11-26 11:22:44,Maria,Almeida,maal@uol.com.br
533,2019-06-13 21:39:10,Gustavo,Henrique,guhe@ig.com.br
534,2017-09-22 18:07:26,Enrico,Nunes,ennu@hotmail.com
535,2019-06-14 04:45:19,Sra.,Ana,sran@bol.com.br
536,2019-03-27 20:38:00,Valentina,Peixoto,vape@hotmail.com
537,2020-06-22 08:24:50,Milena,Araújo,miar@gmail.com
538,2019-04-12 15:53:38,Srta.,Brenda,srbr@gmail.com
539,2019-04-21 14:16:56,Dr.,Gustavo,drgu@bol.com.br
540,2022-04-22 18:22:36,Felipe,Castro,feca@gmail.com
541,2022-12-21 08:48:25,Juliana,Cardoso,juca@uol.com.br
542,2019-08-05 10:52:18,Ana,Lívia,anlí@bol.com.br
543,2018-03-29 01:16:19,Catarina,Silva,casi@gmail.com
544,2021-05-29 05:35:13,Enzo,Fernandes,enfe@gmail.com
545,2021-05-14 12:16:04,Pedro,Henrique,pehe@yahoo.com.br
546,2020-01-31 03:40:42,Dra.,Alice,dral@hotmail.com
547,2017-04-15 19:56:01,Alícia,Barbosa,alba@yahoo.com.br
548,2020-01-27 15:06:36,Benício,da,beda@gmail.com
549,2021-04-05 17:27:16,Sr.,Bernardo,srbe@bol.com.br
550,2020-12-09 15:33:59,Natália,das,nada@ig.com.br
551,2018-08-30 14:36:44,Lucca,Ribeiro,luri@hotmail.com
552,2017-06-03 15:24:15,Augusto,Santos,ausa@uol.com.br
553,2020-09-28 10:18:18,Clara,Melo,clme@hotmail.com
554,2021-03-10 14:13:28,Dr.,Cauê,drca@hotmail.com
555,2020-03-30 15:56:18,Leonardo,Nascimento,lena@bol.com.br
556,2017-09-10 05:08:56,Yuri,Peixoto,yupe@yahoo.com.br
557,2018-07-03 17:24:42,Luna,Campos,luca@gmail.com
558,2019-12-04 07:15:38,Bruna,Teixeira,brte@uol.com.br
559,2017-05-23 06:06:20,Cecília,Vieira,cevi@bol.com.br
560,2017-02-18 20:35:58,Ana,Júlia,anjú@ig.com.br
561,2018-08-06 18:46:16,Esther,Jesus,esje@uol.com.br
562,2017-07-11 06:00:42,Dra.,Alexia,dral@gmail.com
563,2020-03-17 04:50:35,Melissa,Silveira,mesi@uol.com.br
564,2022-08-01 05:01:37,Lucas,Rezende,lure@ig.com.br
565,2021-11-26 18:23:41,Sra.,Manuela,srma@gmail.com
566,2018-02-20 22:25:09,Isabella,Oliveira,isol@hotmail.com
567,2017-09-03 07:10:42,Francisco,Rezende,frre@gmail.com
568,2019-10-02 20:10:07,Davi,Cardoso,daca@bol.com.br
569,2018-06-09 04:00:10,Vitor,Cardoso,vica@yahoo.com.br
570,2022-06-21 23:48:11,Isabella,Dias,isdi@ig.com.br
571,2021-03-13 23:22:03,Dra.,Luana,drlu@yahoo.com.br
572,2020-10-27 18:47:18,Raquel,Silveira,rasi@hotmail.com
573,2019-12-21 18:05:04,Dr.,Marcos,drma@yahoo.com.br
574,2022-07-16 19:00:55,Enrico,Teixeira,ente@yahoo.com.br
575,2021-01-02 12:02:26,Kaique,Rezende,kare@ig.com.br
576,2018-10-03 05:02:56,Emilly,Mendes,emme@yahoo.com.br
577,2022-05-25 06:04:43,Lara,Costela,laco@uol.com.br
578,2019-10-18 00:52:19,Pedro,Lucas,pelu@yahoo.com.br
579,2020-01-19 12:54:43,Maria,Sophia,maso@gmail.com
580,2019-07-18 03:02:46,Dr.,Kevin,drke@uol.com.br
581,2017-12-18 08:22:08,Kevin,Mendes,keme@gmail.com
582,2021-11-28 20:12:11,Gabriela,Porto,gapo@yahoo.com.br
583,2019-01-01 15:10:22,Luiza,Novaes,luno@gmail.com
584,2017-02-03 13:49:46,Dr.,Nathan,drna@bol.com.br
585,2020-12-20 04:59:47,Maitê,Gonçalves,mago@hotmail.com
586,2019-06-16 17:44:43,Ana,Julia,anju@bol.com.br
587,2019-01-12 05:40:04,Davi,Lucca,dalu@ig.com.br
588,2019-01-20 14:23:26,Arthur,Freitas,arfr@bol.com.br
589,2022-08-27 05:19:53,Valentina,Pires,vapi@ig.com.br
590,2021-08-13 17:35:12,Benício,Nascimento,bena@yahoo.com.br
591,2021-03-17 05:33:55,Srta.,Larissa,srla@uol.com.br
592,2017-11-28 03:21:11,Bryan,Pires,brpi@gmail.com
593,2022-11-20 17:33:54,Emanuel,Mendes,emme@uol.com.br
594,2017-07-16 08:09:47,Sr.,Lucca,srlu@hotmail.com
595,2021-06-30 10:59:42,Clarice,da,clda@ig.com.br
596,2021-12-21 23:13:13,Bruna,Lopes,brlo@ig.com.br
597,2017-08-23 09:29:21,Rafaela,Dias,radi@uol.com.br
598,2018-12-20 18:59:32,Mariana,Azevedo,maaz@gmail.com
599,2019-02-03 16:50:47,Gustavo,Henrique,guhe@uol.com.br
600,2019-12-20 03:49:49,Marcos,Vinicius,mavi@ig.com.br
601,2021-04-28 02:54:43,Kevin,Correia,keco@uol.com.br
602,2022-11-19 07:03:06,Bárbara,da,báda@yahoo.com.br
603,2018-06-11 13:30:33,Dr.,Benício,drbe@uol.com.br
604,2020-03-04 02:28:05,Alice,Nunes,alnu@yahoo.com.br
605,2022-06-18 22:25:31,Kevin,Melo,keme@bol.com.br
606,2018-01-03 04:29:35,Dr.,Francisco,drfr@bol.com.br
607,2019-08-14 23:44:39,Maria,Cecília,mace@bol.com.br
608,2018-09-28 19:26:15,Sr.,Thales,srth@gmail.com
609,2019-10-18 05:25:18,Thomas,Rocha,thro@yahoo.com.br
610,2021-03-30 23:38:33,Sra.,Melissa,srme@yahoo.com.br
611,2017-11-27 02:49:28,Lucas,Sales,lusa@hotmail.com
612,2021-12-20 06:50:46,Amanda,Cardoso,amca@yahoo.com.br
613,2022-10-31 21:26:20,Srta.,Larissa,srla@bol.com.br
614,2019-07-26 08:38:22,Isabella,Barros,isba@hotmail.com
615,2021-03-15 16:44:11,Maria,Pinto,mapi@ig.com.br
616,2019-09-20 21:07:53,Sarah,Jesus,saje@uol.com.br
617,2022-02-25 13:37:27,Eduarda,Melo,edme@ig.com.br
618,2017-09-21 12:54:32,Ana,Júlia,anjú@yahoo.com.br
619,2021-05-07 08:15:16,Bárbara,Pereira,bápe@ig.com.br
620,2022-04-25 16:33:36,Luiz,Henrique,luhe@ig.com.br
621,2019-03-21 10:41:08,Guilherme,Rocha,guro@ig.com.br
622,2017-04-06 06:09:59,André,Nunes,annu@ig.com.br
623,2017-03-13 04:25:20,Paulo,Barbosa,paba@hotmail.com
624,2017-03-24 17:36:32,Joaquim,Lima,joli@yahoo.com.br
625,2020-05-03 12:33:36,Samuel,Cardoso,saca@uol.com.br
626,2020-04-16 00:28:22,Sr.,Samuel,srsa@yahoo.com.br
627,2020-02-27 11:29:40,Mariane,Freitas,mafr@gmail.com
628,2019-04-28 17:21:29,Camila,Cardoso,caca@ig.com.br
629,2019-11-18 07:40:05,Eloah,Mendes,elme@ig.com.br
630,2020-08-18 14:44:56,Vitória,Aragão,viar@uol.com.br
631,2018-05-18 13:33:48,Sra.,Carolina,srca@gmail.com
632,2017-04-29 21:36:15,Alexandre,Nascimento,alna@ig.com.br
633,2018-10-01 09:15:20,Milena,Pires,mipi@hotmail.com
634,2020-05-26 12:25:22,Amanda,Ramos,amra@ig.com.br
635,2018-05-04 02:10:04,Dr.,Cauê,drca@uol.com.br
636,2018-06-13 06:45:45,Davi,Lucca,dalu@bol.com.br
637,2017-11-09 18:19:19,Eloah,Gomes,elgo@gmail.com
638,2021-09-22 14:32:34,Vitor,Nunes,vinu@uol.com.br
639,2020-08-08 22:45:18,Sofia,Carvalho,soca@gmail.com
640,2020-05-04 10:08:56,Sophia,Araújo,soar@bol.com.br
641,2020-10-21 15:34:12,Sarah,Jesus,saje@yahoo.com.br
642,2022-02-14 11:13:49,Francisco,Pereira,frpe@gmail.com
643,2018-11-06 20:55:14,Thiago,Mendes,thme@bol.com.br
644,2018-05-09 04:05:34,Catarina,Ribeiro,cari@hotmail.com
645,2020-02-10 02:24:57,Thiago,Martins,thma@yahoo.com.br
646,2019-01-27 10:34:09,Brenda,Peixoto,brpe@yahoo.com.br
647,2018-08-21 04:55:36,Lara,Cardoso,laca@uol.com.br
648,2020-03-01 12:08:46,Dra.,Daniela,drda@hotmail.com
649,2018-05-02 18:50:11,Dra.,Heloísa,drhe@uol.com.br
650,2018-06-10 02:02:05,Lívia,Fogaça,lífo@hotmail.com
651,2017-09-17 00:54:05,Maria,Cardoso,maca@uol.com.br
652,2020-01-30 15:53:56,Luna,Campos,luca@ig.com.br
653,2020-01-21 08:12:57,Srta.,Raquel,srra@yahoo.com.br
654,2017-04-21 12:30:26,Sr.,Marcos,srma@uol.com.br
655,2021-01-26 07:47:57,Isabel,Melo,isme@bol.com.br
656,2019-06-27 09:31:10,Paulo,Vieira,pavi@ig.com.br
657,2020-11-20 18:06:57,Vitor,Hugo,vihu@bol.com.br
658,2022-05-22 14:09:38,João,Felipe,jofe@yahoo.com.br
659,2019-10-04 10:31:56,Nicole,Cardoso,nica@gmail.com
660,2019-11-14 19:57:12,Srta.,Alice,sral@yahoo.com.br
661,2018-08-08 22:09:13,Emanuelly,Freitas,emfr@yahoo.com.br
662,2022-01-02 16:27:53,Clarice,Cavalcanti,clca@yahoo.com.br
663,2022-03-15 18:31:47,Sra.,Alice,sral@hotmail.com
664,2017-01-20 07:03:03,Isadora,Alves,isal@bol.com.br
665,2019-09-25 07:27:03,Eduarda,Barbosa,edba@hotmail.com
666,2018-11-12 12:16:55,Sr.,Diogo,srdi@bol.com.br
667,2018-08-23 22:43:18,Vitor,Barros,viba@ig.com.br
668,2022-09-12 10:08:31,Maria,Sophia,maso@uol.com.br
669,2019-10-08 11:16:28,Dra.,Julia,drju@bol.com.br
670,2021-08-02 18:53:12,Maria,Cecília,mace@gmail.com
671,2017-01-17 11:33:51,Luiz,Felipe,lufe@ig.com.br
672,2017-11-22 16:52:31,Yago,Duarte,yadu@ig.com.br
673,2017-06-28 16:21:49,Eloah,Moura,elmo@yahoo.com.br
674,2017-03-06 10:53:08,Clarice,Gonçalves,clgo@hotmail.com
675,2019-11-15 01:13:23,Lavínia,da,lada@hotmail.com
676,2017-06-18 21:57:34,Sra.,Lívia,srlí@bol.com.br
677,2022-04-23 15:15:24,Dr.,Ryan,drry@bol.com.br
678,2022-08-27 05:43:12,Alexandre,Aragão,alar@ig.com.br
679,2021-12-03 13:40:39,Murilo,Ramos,mura@uol.com.br
680,2022-12-22 12:31:33,Ana,Lívia,anlí@ig.com.br
681,2020-10-24 01:27:16,Dra.,Clara,drcl@gmail.com
682,2019-10-24 11:08:19,Sr.,Yuri,sryu@hotmail.com
683,2021-06-04 16:08:23,Vinicius,Lima,vili@gmail.com
684,2022-03-05 17:38:38,Brenda,Vieira,brvi@hotmail.com
685,2020-07-26 01:34:48,Raquel,Viana,ravi@uol.com.br
686,2020-04-29 18:34:39,Ryan,da,ryda@bol.com.br
687,2017-12-13 02:04:06,Theo,Ferreira,thfe@gmail.com
688,2019-06-18 00:12:57,Luiz,Henrique,luhe@hotmail.com
689,2022-12-07 10:40:06,Sarah,da,sada@ig.com.br
690,2020-03-30 11:59:28,Noah,Souza,noso@yahoo.com.br
691,2022-02-23 12:57:12,Cauê,da,cada@uol.com.br
692,2018-02-05 20:23:03,Dr.,João,drjo@hotmail.com
693,2020-09-22 11:34:11,Isadora,Moreira,ismo@uol.com.br
694,2018-12-26 15:18:49,Heitor,Rodrigues,hero@gmail.com
695,2018-12-15 06:33:59,Dr.,Breno,drbr@yahoo.com.br
696,2022-04-13 02:12:20,Enzo,Gabriel,enga@ig.com.br
697,2020-10-10 15:19:46,Thomas,da,thda@uol.com.br
698,2019-07-26 06:53:01,Heitor,da,heda@bol.com.br
699,2021-06-11 12:16:24,Danilo,da,dada@uol.com.br
700,2019-06-08 20:34:26,Ana,Novaes,anno@uol.com.br
701,2022-08-13 15:17:29,Eduardo,Gonçalves,edgo@gmail.com
702,2019-07-27 22:57:56,Eduardo,da,edda@hotmail.com
703,2020-02-08 15:40:03,Evelyn,Ramos,evra@bol.com.br
704,2017-02-04 23:59:14,João,Guilherme,jogu@yahoo.com.br
705,2019-07-26 21:09:59,Luiz,Miguel,lumi@yahoo.com.br
706,2020-10-03 05:17:05,Isis,Pereira,ispe@yahoo.com.br
707,2018-03-12 05:51:33,Eloah,da,elda@uol.com.br
708,2019-03-07 22:14:51,Letícia,Farias,lefa@uol.com.br
709,2020-01-21 10:59:16,Ana,Carolina,anca@bol.com.br
710,2017-11-17 15:24:51,Luiz,Henrique,luhe@ig.com.br
711,2021-05-14 12:22:32,Srta.,Sarah,srsa@gmail.com
712,2021-08-16 02:20:27,Kevin,Oliveira,keol@yahoo.com.br
713,2018-06-08 05:07:31,Dr.,Levi,drle@bol.com.br
714,2020-08-18 00:35:43,Davi,Lucca,dalu@hotmail.com
715,2020-01-14 08:49:28,Murilo,da,muda@gmail.com
716,2022-01-20 19:05:27,Rebeca,Freitas,refr@hotmail.com
717,2017-02-04 06:06:26,Luiz,Felipe,lufe@uol.com.br
718,2018-04-02 21:13:47,Maria,Sophia,maso@ig.com.br
719,2020-08-19 01:39:02,Fernando,Barros,feba@ig.com.br
720,2022-07-20 23:42:08,Srta.,Eloah,srel@ig.com.br
721,2018-11-22 14:22:05,Luiz,Felipe,lufe@gmail.com
722,2021-06-10 00:33:38,Eduarda,Rezende,edre@yahoo.com.br
723,2018-12-03 16:23:43,Davi,Lucas,dalu@uol.com.br
724,2018-12-03 05:37:57,Sr.,Enzo,sren@uol.com.br
725,2020-11-03 19:36:14,Levi,da,leda@gmail.com
726,2018-08-29 11:26:13,Eduarda,da,edda@ig.com.br
727,2021-04-27 14:13:26,Esther,Martins,esma@bol.com.br
728,2019-06-25 10:41:00,André,Oliveira,anol@gmail.com
729,2022-03-04 07:05:29,Lívia,Silva,lísi@ig.com.br
730,2021-03-16 01:52:34,Natália,Lopes,nalo@hotmail.com
731,2022-10-27 07:27:51,Srta.,Helena,srhe@bol.com.br
732,2018-12-21 22:43:45,Caroline,Pires,capi@gmail.com
733,2021-10-16 01:51:38,Davi,Lucca,dalu@gmail.com
734,2019-02-10 14:33:38,Davi,Lucca,dalu@ig.com.br
735,2022-11-15 06:57:26,Maria,Clara,macl@bol.com.br
736,2020-05-14 12:30:36,Sra.,Milena,srmi@bol.com.br
737,2020-10-29 13:06:01,Sr.,Pedro,srpe@hotmail.com
738,2022-02-28 12:07:48,Maitê,Nogueira,mano@hotmail.com
739,2020-06-30 13:10:51,Rafaela,Barros,raba@uol.com.br
740,2021-03-06 22:43:40,Luiz,Henrique,luhe@hotmail.com
741,2018-07-04 05:53:18,Olivia,Ramos,olra@uol.com.br
742,2019-08-22 06:59:22,Otávio,Rocha,otro@bol.com.br
743,2021-10-11 00:13:48,Sra.,Isis,sris@gmail.com
744,2020-11-26 18:50:59,Pedro,Jesus,peje@hotmail.com
745,2019-03-01 15:17:22,Lucas,Carvalho,luca@ig.com.br
746,2021-02-10 06:22:34,Sra.,Catarina,srca@yahoo.com.br
747,2019-07-01 13:15:47,Luana,Moura,lumo@ig.com.br
748,2022-07-29 16:18:53,Juan,Gomes,jugo@ig.com.br
749,2020-09-08 12:07:37,Marcela,Silveira,masi@yahoo.com.br
750,2019-09-06 07:04:41,Dr.,Joaquim,drjo@hotmail.com
751,2020-10-08 17:08:16,Marcos,Vinicius,mavi@ig.com.br
752,2022-03-21 09:05:09,Cauã,Dias,cadi@gmail.com
753,2022-09-23 01:30:21,Yago,Moraes,yamo@yahoo.com.br
754,2021-09-15 11:14:30,Carolina,Cardoso,caca@yahoo.com.br
755,2020-05-31 17:03:17,João,Ferreira,jofe@bol.com.br
756,2021-03-17 20:47:50,Vitor,Lopes,vilo@bol.com.br
757,2019-04-25 02:59:51,Eloah,da,elda@yahoo.com.br
758,2019-11-23 19:03:58,Carolina,Dias,cadi@yahoo.com.br
759,2017-01-22 20:06:21,Yasmin,Nascimento,yana@uol.com.br
760,2019-03-01 03:06:28,Guilherme,Dias,gudi@gmail.com
761,2022-12-07 15:24:35,Dr.,João,drjo@hotmail.com
762,2020-12-06 11:34:01,Dr.,Emanuel,drem@yahoo.com.br
763,2018-09-04 13:18:43,Isabel,Mendes,isme@uol.com.br
764,2017-08-07 17:41:30,Cauê,Viana,cavi@bol.com.br
765,2018-11-02 01:36:53,Sr.,João,srjo@bol.com.br
766,2022-04-24 07:38:26,Isabelly,Gonçalves,isgo@ig.com.br
767,2020-07-11 01:23:57,Lívia,Fernandes,lífe@bol.com.br
768,2021-03-08 03:54:45,Eloah,Silveira,elsi@gmail.com
769,2021-04-30 03:15:41,Yago,Vieira,yavi@uol.com.br
770,2017-02-15 14:19:29,Pedro,Henrique,pehe@bol.com.br
771,2018-06-19 00:15:19,Agatha,da,agda@ig.com.br
772,2019-03-18 18:34:04,Maria,Silva,masi@yahoo.com.br
773,2022-12-18 10:46:38,Pedro,Henrique,pehe@yahoo.com.br
774,2022-03-29 18:08:41,Luiz,Henrique,luhe@uol.com.br
775,2017-06-10 17:59:13,Sra.,Maysa,srma@ig.com.br
776,2017-03-24 00:18:59,Ana,Lívia,anlí@hotmail.com
777,2017-01-26 08:56:38,Helena,da,heda@gmail.com
778,2021-11-11 21:34:20,Nicole,Freitas,nifr@hotmail.com
779,2021-02-23 23:25:17,Mirella,Porto,mipo@bol.com.br
780,2021-07-18 06:34:08,Rodrigo,Novaes,rono@uol.com.br
781,2018-05-19 06:45:03,Dra.,Lívia,drlí@gmail.com
782,2018-09-19 19:36:18,Lucca,Lima,luli@ig.com.br
783,2021-08-01 08:15:46,Mariana,da,mada@yahoo.com.br
784,2018-09-06 17:24:45,Maria,Cecília,mace@bol.com.br
785,2020-11-16 14:03:20,Sra.,Júlia,srjú@gmail.com
786,2018-03-27 17:32:47,Luana,Monteiro,lumo@ig.com.br
787,2018-10-21 22:30:50,Pedro,Miguel,pemi@uol.com.br
788,2018-12-25 18:04:19,Esther,Moreira,esmo@uol.com.br
789,2022-06-14 15:05:38,Natália,Nascimento,nana@gmail.com
790,2018-11-14 18:41:35,Alexandre,Teixeira,alte@yahoo.com.br
791,2017-05-10 00:03:26,Emanuelly,Monteiro,emmo@hotmail.com
792,2020-09-23 06:22:59,Arthur,da,arda@hotmail.com
793,2022-01-13 00:48:58,Ana,Sophia,anso@yahoo.com.br
794,2018-11-02 12:48:59,Srta.,Stella,srst@gmail.com
795,2022-06-01 14:19:47,Yasmin,Teixeira,yate@bol.com.br
796,2017-09-20 04:39:52,Evelyn,Pinto,evpi@gmail.com
797,2021-09-04 21:32:27,Alana,Fogaça,alfo@hotmail.com
798,2021-09-13 21:48:05,Júlia,Fernandes,júfe@yahoo.com.br
799,2018-12-16 12:34:41,Gabriela,Fogaça,gafo@gmail.com
800,2018-08-28 06:09:41,Sra.,Luna,srlu@uol.com.br
801,2021-01-21 05:34:19,Maria,Cecília,mace@bol.com.br
802,2022-05-10 07:42:57,Calebe,Silva,casi@gmail.com
803,2017-12-03 21:51:57,Camila,Silva,casi@uol.com.br
804,2018-12-03 12:01:08,Gustavo,Henrique,guhe@ig.com.br
805,2017-03-14 10:25:52,João,Miguel,jomi@yahoo.com.br
806,2019-03-11 12:45:24,Eduardo,da,edda@gmail.com
807,2020-05-22 04:42:39,Benjamin,Castro,beca@uol.com.br
808,2020-12-21 13:24:39,Felipe,da,feda@bol.com.br
809,2019-09-25 20:31:20,Yago,Moreira,yamo@yahoo.com.br
810,2018-04-28 13:36:39,Clara,da,clda@yahoo.com.br
811,2019-08-24 03:04:51,Lucas,Gabriel,luga@uol.com.br
812,2017-07-14 05:09:18,Stella,Lima,stli@ig.com.br
813,2019-08-20 19:30:36,Caio,Fogaça,cafo@hotmail.com
814,2020-09-08 19:42:18,Maria,Julia,maju@hotmail.com
815,2021-05-16 02:45:45,Bernardo,Almeida,beal@ig.com.br
816,2022-09-06 17:38:37,Brenda,Fernandes,brfe@gmail.com
817,2018-04-28 22:50:17,Juan,Ramos,jura@gmail.com
818,2019-07-21 13:23:55,Nina,Rodrigues,niro@gmail.com
819,2020-10-21 23:49:45,Nathan,Oliveira,naol@yahoo.com.br
820,2022-11-12 22:31:40,Catarina,da,cada@bol.com.br
821,2021-09-09 18:21:49,Isaac,Ramos,isra@gmail.com
822,2019-07-23 22:44:08,Heloísa,Cunha,hecu@uol.com.br
823,2018-11-19 00:34:43,Rodrigo,da,roda@hotmail.com
824,2021-02-05 22:24:17,Juliana,da,juda@uol.com.br
825,2019-06-27 19:56:41,Calebe,Cunha,cacu@bol.com.br
826,2021-06-13 18:07:48,Marina,da,mada@gmail.com
827,2021-09-22 13:52:44,João,Lucas,jolu@hotmail.com
828,2017-11-08 04:33:18,Luiz,Felipe,lufe@bol.com.br
829,2018-03-06 11:28:20,Luiz,Felipe,lufe@gmail.com
830,2022-12-24 05:53:09,Sr.,Luiz,srlu@hotmail.com
831,2022-05-18 19:37:54,Luiz,Henrique,luhe@ig.com.br
832,2019-11-15 02:53:48,Isabella,Barbosa,isba@yahoo.com.br
833,2017-06-13 16:11:41,Dr.,João,drjo@uol.com.br
834,2017-12-28 13:45:04,Gustavo,Teixeira,gute@ig.com.br
835,2021-07-17 15:30:29,Vicente,Novaes,vino@bol.com.br
836,2022-08-17 10:36:50,Milena,Nunes,minu@yahoo.com.br
837,2021-10-19 18:15:35,João,Felipe,jofe@bol.com.br
838,2021-01-02 13:20:57,Davi,Viana,davi@yahoo.com.br
839,2021-09-22 06:17:33,Joana,Vieira,jovi@ig.com.br
840,2022-11-04 04:41:06,Sophia,Gomes,sogo@bol.com.br
841,2019-01-05 11:52:39,Nicole,Lima,nili@gmail.com
842,2018-01-16 13:00:35,Melissa,da,meda@ig.com.br
843,2017-12-05 00:46:30,Renan,Ribeiro,reri@hotmail.com
844,2020-11-06 08:34:37,Emanuel,Azevedo,emaz@uol.com.br
845,2018-04-04 08:29:45,Sra.,Maria,srma@bol.com.br
846,2019-10-30 13:56:47,Maysa,Cardoso,maca@gmail.com
847,2020-04-08 07:51:35,Bárbara,Almeida,báal@bol.com.br
848,2018-04-03 13:35:50,Gabriela,Porto,gapo@gmail.com
849,2018-09-15 09:30:59,Bárbara,Freitas,báfr@uol.com.br
850,2022-08-21 12:08:06,Lorenzo,Campos,loca@gmail.com
851,2019-08-16 08:13:14,Gabriela,Correia,gaco@ig.com.br
852,2021-07-18 06:50:38,João,Vitor,jovi@uol.com.br
853,2019-04-11 19:51:31,Nathan,Azevedo,naaz@bol.com.br
854,2018-01-15 03:53:26,Mariana,Silveira,masi@yahoo.com.br
855,2021-08-10 00:25:07,Bernardo,das,beda@yahoo.com.br
856,2020-06-09 19:59:32,Lavínia,Monteiro,lamo@ig.com.br
857,2021-10-02 10:35:16,Eduarda,da,edda@gmail.com
858,2019-12-18 22:46:34,Diogo,Nunes,dinu@gmail.com
859,2019-05-24 11:30:39,Sr.,João,srjo@gmail.com
860,2017-06-26 10:20:55,Catarina,da,cada@bol.com.br
861,2018-12-03 20:59:15,Guilherme,da,guda@bol.com.br
862,2021-02-18 15:35:31,Bruna,Duarte,brdu@hotmail.com
863,2017-05-06 13:52:30,Srta.,Eloah,srel@uol.com.br
864,2022-07-20 21:09:45,Emanuel,da,emda@hotmail.com
865,2022-10-28 04:20:52,Lucas,das,luda@yahoo.com.br
866,2018-07-14 12:19:58,Diogo,Carvalho,dica@ig.com.br
867,2019-01-04 17:28:57,Enzo,Fernandes,enfe@ig.com.br
868,2021-09-05 01:58:40,Sr.,Yuri,sryu@uol.com.br
869,2020-06-30 20:48:05,Kaique,Moreira,kamo@yahoo.com.br
870,2019-02-02 10:21:33,Levi,Souza,leso@yahoo.com.br
871,2018-08-14 23:51:21,Dra.,Clarice,drcl@hotmail.com
872,2018-09-28 21:22:34,Rafael,Melo,rame@ig.com.br
873,2017-06-22 08:00:23,Cauã,Nascimento,cana@yahoo.com.br
874,2019-01-11 01:11:43,Otávio,Nunes,otnu@uol.com.br
875,2016-12-26 22:03:47,Dr.,Pietro,drpi@yahoo.com.br
876,2021-08-11 04:50:19,Evelyn,Campos,evca@hotmail.com
877,2018-01-31 04:25:59,Esther,Almeida,esal@hotmail.com
878,2017-12-14 23:37:42,Diogo,Freitas,difr@bol.com.br
879,2021-09-05 19:09:38,Joaquim,Sales,josa@hotmail.com
880,2020-02-05 21:19:39,Kaique,da,kada@ig.com.br
881,2019-04-04 16:16:18,Gustavo,Viana,guvi@gmail.com
882,2022-04-07 10:59:20,Sra.,Elisa,srel@uol.com.br
883,2021-09-24 10:49:12,Maria,Julia,maju@ig.com.br
884,2020-06-07 16:16:20,Eduardo,Nunes,ednu@ig.com.br
885,2022-05-16 21:50:41,Clarice,Cavalcanti,clca@hotmail.com
886,2021-09-18 20:58:14,Sarah,Barbosa,saba@yahoo.com.br
887,2021-05-23 19:48:08,Dra.,Cecília,drce@bol.com.br
888,2019-04-03 16:21:53,Esther,Jesus,esje@ig.com.br
889,2019-09-30 07:28:37,Isabel,Monteiro,ismo@bol.com.br
890,2017-05-18 04:37:24,Sophia,da,soda@bol.com.br
891,2022-11-22 02:03:16,Carolina,Pires,capi@yahoo.com.br
892,2020-05-03 04:53:45,Raquel,Caldeira,raca@hotmail.com
893,2020-09-23 11:53:14,João,Souza,joso@ig.com.br
894,2018-11-15 18:09:48,João,Lucas,jolu@hotmail.com
895,2020-03-02 05:18:42,Dr.,Bryan,drbr@uol.com.br
896,2022-12-25 19:12:00,Luiz,Fernando,lufe@uol.com.br
897,2019-03-30 21:17:49,Bryan,Duarte,brdu@uol.com.br
898,2018-03-19 04:24:03,Pietro,Caldeira,pica@yahoo.com.br
899,2022-07-26 01:41:48,Rebeca,Vieira,revi@hotmail.com
900,2020-10-29 03:57:00,Calebe,Vieira,cavi@hotmail.com
901,2019-07-18 05:24:13,Luna,Duarte,ludu@ig.com.br
902,2022-04-24 16:56:16,Dr.,Miguel,drmi@ig.com.br
903,2021-12-23 16:41:29,Theo,Moura,thmo@ig.com.br
904,2022-10-06 20:51:22,Pedro,Azevedo,peaz@hotmail.com
905,2018-04-25 06:37:42,Letícia,Ribeiro,leri@uol.com.br
906,2017-01-09 15:41:39,Enzo,Azevedo,enaz@ig.com.br
907,2022-05-24 09:59:54,Eduarda,da,edda@gmail.com
908,2021-05-19 12:50:09,Mirella,Pereira,mipe@ig.com.br
909,2017-09-26 17:36:45,Srta.,Brenda,srbr@uol.com.br
910,2020-08-26 23:34:41,Nicole,Ferreira,nife@hotmail.com
911,2017-01-25 20:26:30,Sr.,Levi,srle@bol.com.br
912,2020-03-06 08:28:07,Lucca,Silveira,lusi@hotmail.com
913,2017-08-09 03:23:26,Esther,Barbosa,esba@bol.com.br
914,2020-01-19 05:15:39,Maria,Cecília,mace@uol.com.br
915,2017-03-16 05:56:53,Maysa,Almeida,maal@ig.com.br
916,2017-03-05 12:11:50,Marcos,Vinicius,mavi@ig.com.br
917,2018-04-12 13:22:22,Evelyn,da,evda@uol.com.br
918,2020-09-06 20:20:29,Srta.,Bárbara,srbá@ig.com.br
919,2022-01-16 06:29:11,Vitor,Campos,vica@gmail.com
920,2022-10-30 12:13:07,Joaquim,Campos,joca@yahoo.com.br
921,2021-03-13 20:33:25,Gustavo,Silva,gusi@gmail.com
922,2019-04-25 20:43:44,Gustavo,Henrique,guhe@bol.com.br
923,2022-12-18 18:33:52,Luiz,Felipe,lufe@gmail.com
924,2021-10-27 20:01:45,Alexandre,Martins,alma@ig.com.br
925,2020-07-04 16:18:16,Enrico,Novaes,enno@yahoo.com.br
926,2021-10-01 18:44:44,Sra.,Valentina,srva@ig.com.br
927,2018-11-27 20:55:40,Breno,Porto,brpo@uol.com.br
928,2017-07-21 19:01:13,Ana,Clara,ancl@gmail.com
929,2019-12-16 10:39:23,Dra.,Maria,drma@yahoo.com.br
930,2021-12-08 16:53:48,Guilherme,Nascimento,guna@bol.com.br
931,2021-03-02 23:54:48,Diego,Rezende,dire@hotmail.com
932,2022-03-01 07:28:09,Lavínia,Cunha,lacu@gmail.com
933,2018-08-23 18:13:27,Kamilly,Melo,kame@hotmail.com
934,2019-05-09 21:33:35,Maria,Eduarda,maed@uol.com.br
935,2017-10-24 11:44:48,Dr.,Otávio,drot@yahoo.com.br
936,2021-10-31 16:54:30,Samuel,Fogaça,safo@hotmail.com
937,2021-08-20 04:23:08,Sra.,Maria,srma@gmail.com
938,2022-01-26 14:52:28,Isabelly,Rocha,isro@bol.com.br
939,2017-03-04 10:32:03,Matheus,Freitas,mafr@yahoo.com.br
940,2021-07-16 04:31:10,Thales,Duarte,thdu@ig.com.br
941,2021-04-06 10:55:09,Heitor,Lopes,helo@gmail.com
942,2022-11-18 11:54:05,Dr.,Enrico,dren@bol.com.br
943,2020-07-04 19:12:31,Maria,Eduarda,maed@yahoo.com.br
944,2022-08-21 14:09:25,Sr.,Enzo,sren@hotmail.com
945,2018-09-04 20:19:40,André,Ribeiro,anri@bol.com.br
946,2018-06-09 15:37:55,Vitor,da,vida@gmail.com
947,2017-05-18 14:28:05,Sophia,Alves,soal@yahoo.com.br
948,2020-08-20 01:07:13,Raul,Nogueira,rano@hotmail.com
949,2018-04-29 00:35:43,Rafaela,Cunha,racu@gmail.com
950,2018-01-08 23:03:01,Erick,Martins,erma@hotmail.com
951,2018-12-21 04:53:14,Sr.,Vitor,srvi@hotmail.com
952,2017-06-11 04:38:02,Kevin,da,keda@gmail.com
953,2020-03-14 21:29:00,Esther,Peixoto,espe@uol.com.br
954,2020-04-03 15:16:22,Joaquim,Teixeira,jote@uol.com.br
955,2021-08-25 02:57:02,Enzo,Peixoto,enpe@gmail.com
956,2022-02-17 05:04:54,Joaquim,da,joda@hotmail.com
957,2020-01-04 08:48:49,Laura,Cunha,lacu@hotmail.com
958,2021-09-10 16:29:26,Ana,Luiza,anlu@bol.com.br
959,2020-11-03 02:42:08,Ian,Mendes,iame@ig.com.br
960,2017-01-03 07:23:38,Vitor,Gabriel,viga@hotmail.com
961,2017-12-26 04:35:29,Yago,Aragão,yaar@hotmail.com
962,2020-08-04 06:38:20,Maitê,Cardoso,maca@ig.com.br
963,2020-06-18 01:54:45,Mariana,Silva,masi@yahoo.com.br
964,2017-11-05 14:29:45,Isaac,Costela,isco@bol.com.br
965,2021-12-31 02:24:27,Bianca,Lopes,bilo@ig.com.br
966,2020-10-09 01:23:52,Srta.,Nicole,srni@uol.com.br
967,2018-04-23 23:53:10,Marcos,Vinicius,mavi@ig.com.br
968,2017-11-18 05:54:32,Yasmin,Azevedo,yaaz@gmail.com
969,2017-07-29 14:16:53,Ana,Júlia,anjú@uol.com.br
970,2022-10-21 20:03:22,Sr.,Renan,srre@gmail.com
971,2022-02-07 19:07:09,Srta.,Carolina,srca@ig.com.br
972,2020-06-27 11:21:58,Melissa,da,meda@uol.com.br
973,2021-01-31 01:15:04,Srta.,Eduarda,sred@ig.com.br
974,2019-04-26 06:18:12,Pedro,Miguel,pemi@ig.com.br
975,2022-07-20 03:57:12,Letícia,Campos,leca@gmail.com
976,2022-05-26 06:43:36,Srta.,Lara,srla@ig.com.br
977,2018-08-25 07:00:07,Rebeca,Almeida,real@yahoo.com.br
978,2017-09-04 05:18:47,Joana,Santos,josa@yahoo.com.br
979,2018-02-10 13:52:34,André,Fernandes,anfe@uol.com.br
980,2022-12-10 01:33:06,Sofia,Alves,soal@hotmail.com
981,2019-01-20 06:08:21,Dra.,Nina,drni@yahoo.com.br
982,2019-08-10 04:55:08,Felipe,Araújo,fear@bol.com.br
983,2020-10-12 14:15:43,Felipe,Ribeiro,feri@bol.com.br
984,2021-11-04 11:26:43,Srta.,Sabrina,srsa@bol.com.br
985,2020-02-27 20:16:56,Sr.,Ian,sria@hotmail.com
986,2019-06-20 21:53:11,Srta.,Lara,srla@ig.com.br
987,2019-09-29 20:08:57,Cauê,Sales,casa@hotmail.com
988,2018-10-08 06:31:29,João,Gabriel,joga@bol.com.br
989,2021-03-06 15:44:44,Valentina,Pereira,vape@hotmail.com
990,2022-10-21 21:15:03,Sra.,Ana,sran@yahoo.com.br
991,2017-06-28 10:55:55,Alícia,Pires,alpi@uol.com.br
992,2017-11-30 10:31:00,Pedro,Lucas,pelu@yahoo.com.br
993,2021-09-26 13:11:06,Pietra,Nascimento,pina@gmail.com
994,2017-08-04 00:40:28,Davi,Luiz,dalu@uol.com.br
995,2018-11-25 02:45:14,Srta.,Esther,sres@gmail.com
996,2020-03-11 05:19:23,Fernanda,Campos,feca@gmail.com
997,2017-05-01 03:51:04,Pedro,Vieira,pevi@uol.com.br
998,2020-11-03 09:51:13,Dra.,Alícia,dral@hotmail.com
999,2022-09-21 04:29:34,Miguel,Pires,mipi@yahoo.com.br
1000,2020-04-24 23:19:17,Giovanna,da,gida@yahoo.com.br
